{
  "schema":  "1.0",
  "comment":  "This file maps proto services/RPCs to the corresponding library clients/methods.",
  "language":  "go",
  "protoPackage":  "google.cloud.automl.v1",
  "libraryPackage":  "cloud.google.com/go/automl/apiv1",
  "services":  {
    "AutoMl":  {
      "clients":  {
        "grpc":  {
          "libraryClient":  "Client",
          "rpcs":  {
            "CreateDataset":  {
              "methods":  [
                "CreateDataset"
              ]
            },
            "CreateModel":  {
              "methods":  [
                "CreateModel"
              ]
            },
            "DeleteDataset":  {
              "methods":  [
                "DeleteDataset"
              ]
            },
            "DeleteModel":  {
              "methods":  [
                "DeleteModel"
              ]
            },
            "DeployModel":  {
              "methods":  [
                "DeployModel"
              ]
            },
            "ExportData":  {
              "methods":  [
                "ExportData"
              ]
            },
            "ExportModel":  {
              "methods":  [
                "ExportModel"
              ]
            },
            "GetAnnotationSpec":  {
              "methods":  [
                "GetAnnotationSpec"
              ]
            },
            "GetDataset":  {
              "methods":  [
                "GetDataset"
              ]
            },
            "GetModel":  {
              "methods":  [
                "GetModel"
              ]
            },
            "GetModelEvaluation":  {
              "methods":  [
                "GetModelEvaluation"
              ]
            },
            "ImportData":  {
              "methods":  [
                "ImportData"
              ]
            },
            "ListDatasets":  {
              "methods":  [
                "ListDatasets"
              ]
            },
            "ListModelEvaluations":  {
              "methods":  [
                "ListModelEvaluations"
              ]
            },
            "ListModels":  {
              "methods":  [
                "ListModels"
              ]
            },
            "UndeployModel":  {
              "methods":  [
                "UndeployModel"
              ]
            },
            "UpdateDataset":  {
              "methods":  [
                "UpdateDataset"
              ]
            },
            "UpdateModel":  {
              "methods":  [
                "UpdateModel"
              ]
            }
          }
        }
      }
    },
    "PredictionService":  {
      "clients":  {
        "grpc":  {
          "libraryClient":  "PredictionClient",
          "rpcs":  {
            "BatchPredict":  {
              "methods":  [
                "BatchPredict"
              ]
            },
            "Predict":  {
              "methods":  [
                "Predict"
              ]
            }
          }
        }
      }
    }
  }
}
