{
  "schema":  "1.0",
  "comment":  "This file maps proto services/RPCs to the corresponding library clients/methods.",
  "language":  "go",
  "protoPackage":  "google.cloud.gaming.v1",
  "libraryPackage":  "cloud.google.com/go/gaming/apiv1",
  "services":  {
    "GameServerClustersService":  {
      "clients":  {
        "grpc":  {
          "libraryClient":  "GameServerClustersClient",
          "rpcs":  {
            "CreateGameServerCluster":  {
              "methods":  [
                "CreateGameServerCluster"
              ]
            },
            "DeleteGameServerCluster":  {
              "methods":  [
                "DeleteGameServerCluster"
              ]
            },
            "GetGameServerCluster":  {
              "methods":  [
                "GetGameServerCluster"
              ]
            },
            "ListGameServerClusters":  {
              "methods":  [
                "ListGameServerClusters"
              ]
            },
            "PreviewCreateGameServerCluster":  {
              "methods":  [
                "PreviewCreateGameServerCluster"
              ]
            },
            "PreviewDeleteGameServerCluster":  {
              "methods":  [
                "PreviewDeleteGameServerCluster"
              ]
            },
            "PreviewUpdateGameServerCluster":  {
              "methods":  [
                "PreviewUpdateGameServerCluster"
              ]
            },
            "UpdateGameServerCluster":  {
              "methods":  [
                "UpdateGameServerCluster"
              ]
            }
          }
        }
      }
    },
    "GameServerConfigsService":  {
      "clients":  {
        "grpc":  {
          "libraryClient":  "GameServerConfigsClient",
          "rpcs":  {
            "CreateGameServerConfig":  {
              "methods":  [
                "CreateGameServerConfig"
              ]
            },
            "DeleteGameServerConfig":  {
              "methods":  [
                "DeleteGameServerConfig"
              ]
            },
            "GetGameServerConfig":  {
              "methods":  [
                "GetGameServerConfig"
              ]
            },
            "ListGameServerConfigs":  {
              "methods":  [
                "ListGameServerConfigs"
              ]
            }
          }
        }
      }
    },
    "GameServerDeploymentsService":  {
      "clients":  {
        "grpc":  {
          "libraryClient":  "GameServerDeploymentsClient",
          "rpcs":  {
            "CreateGameServerDeployment":  {
              "methods":  [
                "CreateGameServerDeployment"
              ]
            },
            "DeleteGameServerDeployment":  {
              "methods":  [
                "DeleteGameServerDeployment"
              ]
            },
            "FetchDeploymentState":  {
              "methods":  [
                "FetchDeploymentState"
              ]
            },
            "GetGameServerDeployment":  {
              "methods":  [
                "GetGameServerDeployment"
              ]
            },
            "GetGameServerDeploymentRollout":  {
              "methods":  [
                "GetGameServerDeploymentRollout"
              ]
            },
            "ListGameServerDeployments":  {
              "methods":  [
                "ListGameServerDeployments"
              ]
            },
            "PreviewGameServerDeploymentRollout":  {
              "methods":  [
                "PreviewGameServerDeploymentRollout"
              ]
            },
            "UpdateGameServerDeployment":  {
              "methods":  [
                "UpdateGameServerDeployment"
              ]
            },
            "UpdateGameServerDeploymentRollout":  {
              "methods":  [
                "UpdateGameServerDeploymentRollout"
              ]
            }
          }
        }
      }
    },
    "RealmsService":  {
      "clients":  {
        "grpc":  {
          "libraryClient":  "RealmsClient",
          "rpcs":  {
            "CreateRealm":  {
              "methods":  [
                "CreateRealm"
              ]
            },
            "DeleteRealm":  {
              "methods":  [
                "DeleteRealm"
              ]
            },
            "GetRealm":  {
              "methods":  [
                "GetRealm"
              ]
            },
            "ListRealms":  {
              "methods":  [
                "ListRealms"
              ]
            },
            "PreviewRealmUpdate":  {
              "methods":  [
                "PreviewRealmUpdate"
              ]
            },
            "UpdateRealm":  {
              "methods":  [
                "UpdateRealm"
              ]
            }
          }
        }
      }
    }
  }
}
