{
  "schema":  "1.0",
  "comment":  "This file maps proto services/RPCs to the corresponding library clients/methods.",
  "language":  "go",
  "protoPackage":  "google.cloud.accessapproval.v1",
  "libraryPackage":  "cloud.google.com/go/accessapproval/apiv1",
  "services":  {
    "AccessApproval":  {
      "clients":  {
        "grpc":  {
          "libraryClient":  "Client",
          "rpcs":  {
            "ApproveApprovalRequest":  {
              "methods":  [
                "ApproveApprovalRequest"
              ]
            },
            "DeleteAccessApprovalSettings":  {
              "methods":  [
                "DeleteAccessApprovalSettings"
              ]
            },
            "DismissApprovalRequest":  {
              "methods":  [
                "DismissApprovalRequest"
              ]
            },
            "GetAccessApprovalSettings":  {
              "methods":  [
                "GetAccessApprovalSettings"
              ]
            },
            "GetApprovalRequest":  {
              "methods":  [
                "GetApprovalRequest"
              ]
            },
            "ListApprovalRequests":  {
              "methods":  [
                "ListApprovalRequests"
              ]
            },
            "UpdateAccessApprovalSettings":  {
              "methods":  [
                "UpdateAccessApprovalSettings"
              ]
            }
          }
        }
      }
    }
  }
}
