{
  "schema":  "1.0",
  "comment":  "This file maps proto services/RPCs to the corresponding library clients/methods.",
  "language":  "go",
  "protoPackage":  "google.devtools.clouddebugger.v2",
  "libraryPackage":  "cloud.google.com/go/debugger/apiv2",
  "services":  {
    "Controller2":  {
      "clients":  {
        "grpc":  {
          "libraryClient":  "Controller2Client",
          "rpcs":  {
            "ListActiveBreakpoints":  {
              "methods":  [
                "ListActiveBreakpoints"
              ]
            },
            "RegisterDebuggee":  {
              "methods":  [
                "RegisterDebuggee"
              ]
            },
            "UpdateActiveBreakpoint":  {
              "methods":  [
                "UpdateActiveBreakpoint"
              ]
            }
          }
        }
      }
    },
    "Debugger2":  {
      "clients":  {
        "grpc":  {
          "libraryClient":  "Debugger2Client",
          "rpcs":  {
            "DeleteBreakpoint":  {
              "methods":  [
                "DeleteBreakpoint"
              ]
            },
            "GetBreakpoint":  {
              "methods":  [
                "GetBreakpoint"
              ]
            },
            "ListBreakpoints":  {
              "methods":  [
                "ListBreakpoints"
              ]
            },
            "ListDebuggees":  {
              "methods":  [
                "ListDebuggees"
              ]
            },
            "SetBreakpoint":  {
              "methods":  [
                "SetBreakpoint"
              ]
            }
          }
        }
      }
    }
  }
}
