{
  "schema":  "1.0",
  "comment":  "This file maps proto services/RPCs to the corresponding library clients/methods.",
  "language":  "go",
  "protoPackage":  "google.cloud.dataproc.v1beta2",
  "libraryPackage":  "cloud.google.com/go/dataproc/apiv1beta2",
  "services":  {
    "AutoscalingPolicyService":  {
      "clients":  {
        "grpc":  {
          "libraryClient":  "AutoscalingPolicyClient",
          "rpcs":  {
            "CreateAutoscalingPolicy":  {
              "methods":  [
                "CreateAutoscalingPolicy"
              ]
            },
            "DeleteAutoscalingPolicy":  {
              "methods":  [
                "DeleteAutoscalingPolicy"
              ]
            },
            "GetAutoscalingPolicy":  {
              "methods":  [
                "GetAutoscalingPolicy"
              ]
            },
            "ListAutoscalingPolicies":  {
              "methods":  [
                "ListAutoscalingPolicies"
              ]
            },
            "UpdateAutoscalingPolicy":  {
              "methods":  [
                "UpdateAutoscalingPolicy"
              ]
            }
          }
        }
      }
    },
    "ClusterController":  {
      "clients":  {
        "grpc":  {
          "libraryClient":  "ClusterControllerClient",
          "rpcs":  {
            "CreateCluster":  {
              "methods":  [
                "CreateCluster"
              ]
            },
            "DeleteCluster":  {
              "methods":  [
                "DeleteCluster"
              ]
            },
            "DiagnoseCluster":  {
              "methods":  [
                "DiagnoseCluster"
              ]
            },
            "GetCluster":  {
              "methods":  [
                "GetCluster"
              ]
            },
            "ListClusters":  {
              "methods":  [
                "ListClusters"
              ]
            },
            "UpdateCluster":  {
              "methods":  [
                "UpdateCluster"
              ]
            }
          }
        }
      }
    },
    "JobController":  {
      "clients":  {
        "grpc":  {
          "libraryClient":  "JobControllerClient",
          "rpcs":  {
            "CancelJob":  {
              "methods":  [
                "CancelJob"
              ]
            },
            "DeleteJob":  {
              "methods":  [
                "DeleteJob"
              ]
            },
            "GetJob":  {
              "methods":  [
                "GetJob"
              ]
            },
            "ListJobs":  {
              "methods":  [
                "ListJobs"
              ]
            },
            "SubmitJob":  {
              "methods":  [
                "SubmitJob"
              ]
            },
            "SubmitJobAsOperation":  {
              "methods":  [
                "SubmitJobAsOperation"
              ]
            },
            "UpdateJob":  {
              "methods":  [
                "UpdateJob"
              ]
            }
          }
        }
      }
    },
    "WorkflowTemplateService":  {
      "clients":  {
        "grpc":  {
          "libraryClient":  "WorkflowTemplateClient",
          "rpcs":  {
            "CreateWorkflowTemplate":  {
              "methods":  [
                "CreateWorkflowTemplate"
              ]
            },
            "DeleteWorkflowTemplate":  {
              "methods":  [
                "DeleteWorkflowTemplate"
              ]
            },
            "GetWorkflowTemplate":  {
              "methods":  [
                "GetWorkflowTemplate"
              ]
            },
            "InstantiateInlineWorkflowTemplate":  {
              "methods":  [
                "InstantiateInlineWorkflowTemplate"
              ]
            },
            "InstantiateWorkflowTemplate":  {
              "methods":  [
                "InstantiateWorkflowTemplate"
              ]
            },
            "ListWorkflowTemplates":  {
              "methods":  [
                "ListWorkflowTemplates"
              ]
            },
            "UpdateWorkflowTemplate":  {
              "methods":  [
                "UpdateWorkflowTemplate"
              ]
            }
          }
        }
      }
    }
  }
}
